{
    "overall_f1": 0.6571087216248507,
    "classification_report": "              precision    recall  f1-score   support\n\n    CARDINAL       0.57      0.60      0.58        42\n        DATE       0.45      0.67      0.54        48\n         FAC       0.00      0.00      0.00         2\n         GPE       0.59      0.96      0.73        56\n    LANGUAGE       0.00      0.00      0.00         5\n         LOC       0.14      0.06      0.09        16\n        NORP       0.18      0.22      0.20         9\n     ORDINAL       1.00      0.93      0.97        30\n         ORG       0.00      0.00      0.00         1\n      PERSON       0.77      0.86      0.81       140\n    QUANTITY       0.00      0.00      0.00         3\n        TIME       0.35      0.37      0.36        35\n WORK_OF_ART       0.00      0.00      0.00         2\n\n   micro avg       0.61      0.71      0.66       389\n   macro avg       0.31      0.36      0.33       389\nweighted avg       0.60      0.71      0.64       389\n",
    "muc5_errors": {
        "COR": 275,
        "INC": 20,
        "MIS": 94,
        "SPU": 153
    },
    "fine_grained_analysis": {
        "eLen_short": {
            "total": 379,
            "correct": 270,
            "accuracy": 0.712401055408971
        },
        "eLen_long": {
            "total": 10,
            "correct": 5,
            "accuracy": 0.5
        },
        "eCon_consistent": {
            "total": 178,
            "correct": 114,
            "accuracy": 0.6404494382022472
        },
        "eCon_inconsistent": {
            "total": 211,
            "correct": 161,
            "accuracy": 0.7630331753554502
        },
        "eFre_few_shot": {
            "total": 134,
            "correct": 70,
            "accuracy": 0.5223880597014925
        },
        "eFre_many_shot": {
            "total": 255,
            "correct": 205,
            "accuracy": 0.803921568627451
        }
    }
}